Biosynthesis,"Cofactor, Carrier, and Vitamin Biosynthesis",Folate Transformations,1CMET2-PWY
Biosynthesis,"Cofactor, Carrier, and Vitamin Biosynthesis",Folate Transformations,1CMET2-PWY
Degradation/Utilization/Assimilation,Aromatic Compound Degradation,Aromatic Compound Degradation,3-HYDROXYPHENYLACETATE-DEGRADATION-PWY
Biosynthesis,Secondary Metabolite Biosynthesis,Siderophore and Metallophore Biosynthesis,AEROBACTINSYN-PWY
Superpathways,ALL-CHORISMATE-PWY,Superpathways,ALL-CHORISMATE-PWY
Generation of Precursor Metabolites and Energy,Fermentation,Fermentation to Lactate,ANAEROFRUCAT-PWY
Superpathways,ANAEROFRUCAT-PWY,Superpathways,ANAEROFRUCAT-PWY
Generation of Precursor Metabolites and Energy,Glycolysis,Glycolysis,ANAGLYCOLYSIS-PWY
Biosynthesis,Amine and Polyamine Biosynthesis,Amine and Polyamine Biosynthesis,ARG+POLYAMINE-SYN
Superpathways,ARG+POLYAMINE-SYN,Superpathways,ARG+POLYAMINE-SYN
Degradation/Utilization/Assimilation,Amino Acid Degradation,L-arginine Degradation,ARGDEG-PWY
Superpathways,ARGDEG-PWY,Superpathways,ARGDEG-PWY
Biosynthesis,Amino Acid Biosynthesis,L-arginine Biosynthesis,ARGSYN-PWY
Superpathways,ARGSYN-PWY,Superpathways,ARGSYN-PWY
Biosynthesis,Amino Acid Biosynthesis,L-arginine Biosynthesis,ARGSYNBSUB-PWY
Biosynthesis,Aromatic Compound Biosynthesis,Chorismate Biosynthesis,ARO-PWY
Superpathways,ARO-PWY,Superpathways,ARO-PWY
Biosynthesis,Amino Acid Biosynthesis,Amino Acid Biosynthesis,ASPASN-PWY
Superpathways,ASPASN-PWY,Superpathways,ASPASN-PWY
Degradation/Utilization/Assimilation,Amino Acid Degradation,L-arginine Degradation,AST-PWY
Biosynthesis,"Cofactor, Carrier, and Vitamin Biosynthesis",Biotin Biosynthesis,BIOTIN-BIOSYNTHESIS-PWY
Superpathways,BIOTIN-BIOSYNTHESIS-PWY,Superpathways,BIOTIN-BIOSYNTHESIS-PWY
Biosynthesis,Amino Acid Biosynthesis,Amino Acid Biosynthesis,BRANCHED-CHAIN-AA-SYN-PWY
Superpathways,BRANCHED-CHAIN-AA-SYN-PWY,Superpathways,BRANCHED-CHAIN-AA-SYN-PWY
Biosynthesis,Carbohydrate Biosynthesis,Sugar Biosynthesis,CALVIN-PWY
Degradation/Utilization/Assimilation,C1 Compound Utilization and Assimilation,Autotrophic CO2 Fixation,CALVIN-PWY
Degradation/Utilization/Assimilation,Aromatic Compound Degradation,Catechol Degradation,CATECHOL-ORTHO-CLEAVAGE-PWY
Degradation/Utilization/Assimilation,Aromatic Compound Degradation,Benzoyl-CoA Degradation,CENTBENZCOA-PWY
Generation of Precursor Metabolites and Energy,Fermentation,Fermentation of Pyruvate,CENTFERM-PWY
Generation of Precursor Metabolites and Energy,Fermentation,Fermentation to Butanoate,CENTFERM-PWY
Biosynthesis,Tetrapyrrole Biosynthesis,Chlorophyllide a Biosynthesis,CHLOROPHYLL-SYN
Biosynthesis,"Cofactor, Carrier, and Vitamin Biosynthesis",Coenzyme A Biosynthesis,COA-PWY
Biosynthesis,"Cofactor, Carrier, and Vitamin Biosynthesis",Adenosylcobalamin Salvage from Cobinamide,COBALSYN-PWY
Superpathways,COBALSYN-PWY,Superpathways,COBALSYN-PWY
Degradation/Utilization/Assimilation,C1 Compound Utilization and Assimilation,Fermentation to Acetate,CODH-PWY
Biosynthesis,Carbohydrate Biosynthesis,Carbohydrate Biosynthesis,COLANSYN-PWY
Superpathways,COLANSYN-PWY,Superpathways,COLANSYN-PWY
Biosynthesis,Amino Acid Biosynthesis,Amino Acid Biosynthesis,COMPLETE-ARO-PWY
Superpathways,COMPLETE-ARO-PWY,Superpathways,COMPLETE-ARO-PWY
Degradation/Utilization/Assimilation,Amine and Polyamine Degradation,Creatinine Degradation,CRNFORCAT-PWY
Biosynthesis,Amino Acid Biosynthesis,L-lysine Biosynthesis,DAPLYSINESYN-PWY
Degradation/Utilization/Assimilation,Inorganic Nutrient Metabolism,Denitrification,DENITRIFICATION-PWY
Degradation/Utilization/Assimilation,Inorganic Nutrient Metabolism,Nitrate Reduction,DENITRIFICATION-PWY
Generation of Precursor Metabolites and Energy,Respiration,fermentation,DENITRIFICATION-PWY
Biosynthesis,Nucleoside and Nucleotide Biosynthesis,Purine Nucleotide De Novo Biosynthesis,DENOVOPURINE2-PWY
Superpathways,DENOVOPURINE2-PWY,Superpathways,DENOVOPURINE2-PWY
Degradation/Utilization/Assimilation,Carbohydrate Degradation,Sugar Degradation,DHGLUCONATE-PYR-CAT-PWY
Degradation/Utilization/Assimilation,Carboxylate Degradation,Sugar Acid Degradation,DHGLUCONATE-PYR-CAT-PWY
Degradation/Utilization/Assimilation,Secondary Metabolite Degradation,Sugar Acid Degradation,DHGLUCONATE-PYR-CAT-PWY
Biosynthesis,Carbohydrate Biosynthesis,dTDP-sugar Biosynthesis,DTDPRHAMSYN-PWY
Biosynthesis,Carbohydrate Biosynthesis,Polysaccharide Biosynthesis,ECASYN-PWY
Biosynthesis,Carbohydrate Biosynthesis,Polysaccharide Biosynthesis,ECASYN-PWY
Glycan Pathways,Glycan Biosynthesis,Polysaccharide Biosynthesis,ECASYN-PWY
Biosynthesis,Secondary Metabolite Biosynthesis,Siderophore and Metallophore Biosynthesis,ENTBACSYN-PWY
Superpathways,ENTBACSYN-PWY,Superpathways,ENTBACSYN-PWY
Degradation/Utilization/Assimilation,Fatty Acid and Lipid Degradation,Fatty Acid Degradation,FAO-PWY
Biosynthesis,Fatty Acid and Lipid Biosynthesis,Fatty Acid Biosynthesis,FASYN-ELONG-PWY
Biosynthesis,Fatty Acid and Lipid Biosynthesis,Fatty Acid Biosynthesis Initiation,FASYN-INITIAL-PWY
Superpathways,FASYN-INITIAL-PWY,Superpathways,FASYN-INITIAL-PWY
Generation of Precursor Metabolites and Energy,Fermentation,Pyruvate Fermentation to Ethanol,FERMENTATION-PWY
Generation of Precursor Metabolites and Energy,Fermentation,Pyruvate Fermentation to Ethanol,FERMENTATION-PWY
Generation of Precursor Metabolites and Energy,Fermentation,Fermentation to Short-Chain Fatty Acids,FERMENTATION-PWY
Biosynthesis,"Cofactor, Carrier, and Vitamin Biosynthesis",Folate Biosynthesis,FOLSYN-PWY
Biosynthesis,"Cofactor, Carrier, and Vitamin Biosynthesis",Folate Biosynthesis,FOLSYN-PWY
Superpathways,FOLSYN-PWY,Superpathways,FOLSYN-PWY
Superpathways,FUC-RHAMCAT-PWY,Superpathways,FUC-RHAMCAT-PWY
Degradation/Utilization/Assimilation,Carbohydrate Degradation,L-Fucose Degradation,FUCCAT-PWY
Superpathways,GALACT-GLUCUROCAT-PWY,Superpathways,GALACT-GLUCUROCAT-PWY
Degradation/Utilization/Assimilation,Carboxylate Degradation,D-Galactarate Degradation,GALACTARDEG-PWY
Degradation/Utilization/Assimilation,Secondary Metabolite Degradation,D-Galactarate Degradation,GALACTARDEG-PWY
Degradation/Utilization/Assimilation,Carboxylate Degradation,D-Galacturonate Degradation,GALACTUROCAT-PWY
Degradation/Utilization/Assimilation,Secondary Metabolite Degradation,D-Galacturonate Degradation,GALACTUROCAT-PWY
Degradation/Utilization/Assimilation,Aromatic Compound Degradation,Gallate Degradation,GALLATE-DEGRADATION-I-PWY
Degradation/Utilization/Assimilation,Aromatic Compound Degradation,Gallate Degradation,GALLATE-DEGRADATION-II-PWY
Degradation/Utilization/Assimilation,Amine and Polyamine Degradation,Amine and Polyamine Degradation,GLCMANNANAUT-PWY
Superpathways,GLCMANNANAUT-PWY,Superpathways,GLCMANNANAUT-PWY
Degradation/Utilization/Assimilation,Carboxylate Degradation,D-Glucarate Degradation,GLUCARDEG-PWY
Degradation/Utilization/Assimilation,Secondary Metabolite Degradation,D-Glucarate Degradation,GLUCARDEG-PWY
Superpathways,GLUCARGALACTSUPER-PWY,Superpathways,GLUCARGALACTSUPER-PWY
Biosynthesis,Carbohydrate Biosynthesis,Gluconeogenesis,GLUCONEO-PWY
Degradation/Utilization/Assimilation,Carbohydrate Degradation,Sugar Degradation,GLUCOSE1PMETAB-PWY
Degradation/Utilization/Assimilation,Carboxylate Degradation,D-Glucuronate Degradation,GLUCUROCAT-PWY
Degradation/Utilization/Assimilation,Secondary Metabolite Degradation,D-Glucuronate Degradation,GLUCUROCAT-PWY
Superpathways,GLUCUROCAT-PWY,Superpathways,GLUCUROCAT-PWY
Biosynthesis,Amino Acid Biosynthesis,L-Ornithine Biosynthesis,GLUTORN-PWY
Degradation/Utilization/Assimilation,Carbohydrate Degradation,Glycan Degradation,GLYCOCAT-PWY
Degradation/Utilization/Assimilation,Carbohydrate Degradation,Glycogen Degradation,GLYCOCAT-PWY
Degradation/Utilization/Assimilation,Polymeric Compound Degradation,Glycan Degradation,GLYCOCAT-PWY
Degradation/Utilization/Assimilation,Polymeric Compound Degradation,Glycogen Degradation,GLYCOCAT-PWY
Glycan Pathways,Glycan Degradation,Glycan Degradation,GLYCOCAT-PWY
Biosynthesis,Carbohydrate Biosynthesis,Glycogen and Starch Biosynthesis,GLYCOGENSYNTH-PWY
Biosynthesis,Carbohydrate Biosynthesis,Glycogen and Starch Biosynthesis,GLYCOGENSYNTH-PWY
Glycan Pathways,Glycan Biosynthesis,Glycogen and Starch Biosynthesis,GLYCOGENSYNTH-PWY
Degradation/Utilization/Assimilation,Alcohol Degradation,Alcohol Degradation,GLYCOL-GLYOXDEG-PWY
Superpathways,GLYCOL-GLYOXDEG-PWY,Superpathways,GLYCOL-GLYOXDEG-PWY
Generation of Precursor Metabolites and Energy,Glycolysis,Glycolysis,GLYCOLYSIS
Generation of Precursor Metabolites and Energy,GLYCOLYSIS-E-D,Generation of Precursor Metabolites and Energy,GLYCOLYSIS-E-D
Superpathways,GLYCOLYSIS-E-D,Superpathways,GLYCOLYSIS-E-D
Generation of Precursor Metabolites and Energy,GLYCOLYSIS-TCA-GLYOX-BYPASS,Generation of Precursor Metabolites and Energy,GLYCOLYSIS-TCA-GLYOX-BYPASS
Superpathways,GLYCOLYSIS-TCA-GLYOX-BYPASS,Superpathways,GLYCOLYSIS-TCA-GLYOX-BYPASS
Generation of Precursor Metabolites and Energy,GLYOXYLATE-BYPASS,Generation of Precursor Metabolites and Energy,GLYOXYLATE-BYPASS
Degradation/Utilization/Assimilation,Alcohol Degradation,Glycerol Degradation,GOLPDLCAT-PWY
Superpathways,GOLPDLCAT-PWY,Superpathways,GOLPDLCAT-PWY
Degradation/Utilization/Assimilation,Aromatic Compound Degradation,Phenylpropanoid Derivative Biosynthesis,HCAMHPDEG-PWY
Biosynthesis,"Cofactor, Carrier, and Vitamin Biosynthesis",Heme b Biosynthesis,HEME-BIOSYNTHESIS-II
Biosynthesis,Tetrapyrrole Biosynthesis,Heme b Biosynthesis,HEME-BIOSYNTHESIS-II
Biosynthesis,"Cofactor, Carrier, and Vitamin Biosynthesis",Heme b Biosynthesis,HEMESYN2-PWY
Biosynthesis,Tetrapyrrole Biosynthesis,Heme b Biosynthesis,HEMESYN2-PWY
Degradation/Utilization/Assimilation,Secondary Metabolite Degradation,Sugar Alcohol Degradation,HEXITOLDEGSUPER-PWY
Superpathways,HEXITOLDEGSUPER-PWY,Superpathways,HEXITOLDEGSUPER-PWY
Degradation/Utilization/Assimilation,Amino Acid Degradation,L-histidine Degradation,HISDEG-PWY
Biosynthesis,Amino Acid Biosynthesis,L-histidine Biosynthesis,HISTSYN-PWY
Biosynthesis,Amino Acid Biosynthesis,L-methionine De Novo Biosynthesis,HOMOSER-METSYN-PWY
Biosynthesis,Amino Acid Biosynthesis,L-methionine De Novo Biosynthesis,HSERMETANA-PWY
Superpathways,HSERMETANA-PWY,Superpathways,HSERMETANA-PWY
Biosynthesis,Amino Acid Biosynthesis,L-isoleucine Biosynthesis,ILEUSYN-PWY
Biosynthesis,Cell Structure Biosynthesis,Lipopolysaccharide Biosynthesis,KDO-NAGLIPASYN-PWY
Biosynthesis,Fatty Acid and Lipid Biosynthesis,Fatty Acid and Lipid Biosynthesis,KDO-NAGLIPASYN-PWY
Superpathways,KDO-NAGLIPASYN-PWY,Superpathways,KDO-NAGLIPASYN-PWY
Degradation/Utilization/Assimilation,Carboxylate Degradation,Sugar Acid Degradation,KETOGLUCONMET-PWY
Degradation/Utilization/Assimilation,Secondary Metabolite Degradation,Sugar Acid Degradation,KETOGLUCONMET-PWY
Superpathways,KETOGLUCONMET-PWY,Superpathways,KETOGLUCONMET-PWY
Degradation/Utilization/Assimilation,Carbohydrate Degradation,Galactose Degradation,LACTOSECAT-PWY
Degradation/Utilization/Assimilation,Carbohydrate Degradation,Lactose Degradation,LACTOSECAT-PWY
Degradation/Utilization/Assimilation,Amino Acid Degradation,L-leucine Degradation,LEU-DEG2-PWY
Degradation/Utilization/Assimilation,Fatty Acid and Lipid Degradation,Metabolic Clusters,LIPASYN-PWY
Biosynthesis,Fatty Acid and Lipid Biosynthesis,Fatty Acid and Lipid Biosynthesis,LPSSYN-PWY
Superpathways,LPSSYN-PWY,Superpathways,LPSSYN-PWY
Superpathways,MET-SAM-PWY,Superpathways,MET-SAM-PWY
Generation of Precursor Metabolites and Energy,Respiration,Methanogenesis,METH-ACETATE-PWY
Generation of Precursor Metabolites and Energy,Respiration,Methanogenesis,METHANOGENESIS-PWY
Degradation/Utilization/Assimilation,Aldehyde Degradation,Aldehyde Degradation,METHGLYUT-PWY
Superpathways,METHGLYUT-PWY,Superpathways,METHGLYUT-PWY
Degradation/Utilization/Assimilation,Aromatic Compound Degradation,Aromatic Compound Degradation,METHYLGALLATE-DEGRADATION-PWY
Biosynthesis,"Cofactor, Carrier, and Vitamin Biosynthesis",NAD Biosynthesis,NAD-BIOSYNTHESIS-II
Biosynthesis,"Cofactor, Carrier, and Vitamin Biosynthesis",NAD Biosynthesis,NAD-BIOSYNTHESIS-II
Biosynthesis,"Cofactor, Carrier, and Vitamin Biosynthesis",NAD Biosynthesis,NAD-BIOSYNTHESIS-II
Biosynthesis,"Cofactor, Carrier, and Vitamin Biosynthesis",NAD Biosynthesis,NADSYN-PWY
Biosynthesis,"Cofactor, Carrier, and Vitamin Biosynthesis",NAD Biosynthesis,NADSYN-PWY
Biosynthesis,"Cofactor, Carrier, and Vitamin Biosynthesis",NAD Biosynthesis,NADSYN-PWY
Superpathways,NADSYN-PWY,Superpathways,NADSYN-PWY
Biosynthesis,Cell Structure Biosynthesis,Lipid IVA Biosynthesis,NAGLIPASYN-PWY
Biosynthesis,Fatty Acid and Lipid Biosynthesis,Lipid IVA Biosynthesis,NAGLIPASYN-PWY
Biosynthesis,Secondary Metabolite Biosynthesis,Methylerythritol Phosphate Pathways,NONMEVIPP-PWY
Generation of Precursor Metabolites and Energy,Pentose Phosphate Pathways,Pentose Phosphate Pathways,NONOXIPENT-PWY
Biosynthesis,Carbohydrate Biosynthesis,Metabolic Clusters,OANTIGEN-PWY
Superpathways,OANTIGEN-PWY,Superpathways,OANTIGEN-PWY
Degradation/Utilization/Assimilation,Amino Acid Degradation,L-arginine Degradation,ORNARGDEG-PWY
Superpathways,ORNARGDEG-PWY,Superpathways,ORNARGDEG-PWY
Degradation/Utilization/Assimilation,Amine and Polyamine Degradation,Amine and Polyamine Degradation,ORNDEG-PWY
Superpathways,ORNDEG-PWY,Superpathways,ORNDEG-PWY
Biosynthesis,Amine and Polyamine Biosynthesis,Amine and Polyamine Biosynthesis,P101-PWY
Generation of Precursor Metabolites and Energy,TCA cycle,TCA cycle,P105-PWY
Generation of Precursor Metabolites and Energy,Fermentation,Pyruvate Fermentation to Propanoate,P108-PWY
Generation of Precursor Metabolites and Energy,Fermentation,Pyruvate Fermentation to Propanoate,P108-PWY
Generation of Precursor Metabolites and Energy,Fermentation,Pyruvate Fermentation to Ethanol,P122-PWY
Generation of Precursor Metabolites and Energy,Fermentation,Pyruvate Fermentation to Ethanol,P122-PWY
Generation of Precursor Metabolites and Energy,Fermentation,Fermentation to Lactate,P122-PWY
Degradation/Utilization/Assimilation,Carbohydrate Degradation,Sugar Degradation,P124-PWY
Degradation/Utilization/Assimilation,Carboxylate Degradation,Fermentation to Acetate,P124-PWY
Generation of Precursor Metabolites and Energy,Fermentation,Fermentation to Acetate,P124-PWY
Generation of Precursor Metabolites and Energy,Fermentation,Fermentation to Lactate,P124-PWY
Biosynthesis,Other Biosynthesis,Butanediol Biosynthesis,P125-PWY
Superpathways,P125-PWY,Superpathways,P125-PWY
Degradation/Utilization/Assimilation,Carboxylate Degradation,Fermentation to Acetate,P161-PWY
Generation of Precursor Metabolites and Energy,Fermentation,Pyruvate Fermentation to Ethanol,P161-PWY
Generation of Precursor Metabolites and Energy,Fermentation,Pyruvate Fermentation to Ethanol,P161-PWY
Generation of Precursor Metabolites and Energy,Fermentation,Fermentation to Acetate,P161-PWY
Degradation/Utilization/Assimilation,Amino Acid Degradation,L-glutamate Degradation,P162-PWY
Degradation/Utilization/Assimilation,Carboxylate Degradation,Fermentation to Acetate,P162-PWY
Generation of Precursor Metabolites and Energy,Fermentation,Fermentation to Acetate,P162-PWY
Generation of Precursor Metabolites and Energy,Fermentation,Fermentation to Butanoate,P162-PWY
Degradation/Utilization/Assimilation,Amino Acid Degradation,L-lysine Degradation,P163-PWY
Degradation/Utilization/Assimilation,Carboxylate Degradation,Fermentation to Acetate,P163-PWY
Generation of Precursor Metabolites and Energy,Fermentation,Fermentation to Acetate,P163-PWY
Generation of Precursor Metabolites and Energy,Fermentation,Fermentation to Butanoate,P163-PWY
Degradation/Utilization/Assimilation,Nucleoside and Nucleotide Degradation,Purine Nucleotide Degradation,P164-PWY
Generation of Precursor Metabolites and Energy,Fermentation,Fermentation,P164-PWY
Degradation/Utilization/Assimilation,Aromatic Compound Degradation,Protocatechuate Degradation,P184-PWY
Degradation/Utilization/Assimilation,Degradation/Utilization/Assimilation - Other,Degradation/Utilization/Assimilation - Other,P221-PWY
Degradation/Utilization/Assimilation,C1 Compound Utilization and Assimilation,Reductive TCA Cycles,P23-PWY
Biosynthesis,"Cofactor, Carrier, and Vitamin Biosynthesis",Electron Carrier Biosynthesis,P241-PWY
Biosynthesis,"Cofactor, Carrier, and Vitamin Biosynthesis",Coenzyme M Biosynthesis,P261-PWY
Degradation/Utilization/Assimilation,Aromatic Compound Degradation,Phenolic Compound Degradation,P281-PWY
Superpathways,P281-PWY,Superpathways,P281-PWY
Generation of Precursor Metabolites and Energy,Glycolysis,Glycolysis,P341-PWY
Biosynthesis,"Cofactor, Carrier, and Vitamin Biosynthesis",Adenosylcobalamin de novo Biosynthesis,P381-PWY
Superpathways,P381-PWY,Superpathways,P381-PWY
Biosynthesis,Amino Acid Biosynthesis,Amino Acid Biosynthesis,P4-PWY
Superpathways,P4-PWY,Superpathways,P4-PWY
Degradation/Utilization/Assimilation,C1 Compound Utilization and Assimilation,Reductive TCA Cycles,P42-PWY
Degradation/Utilization/Assimilation,Carboxylate Degradation,Carboxylate Degradation,P441-PWY
Superpathways,P441-PWY,Superpathways,P441-PWY
Degradation/Utilization/Assimilation,Carboxylate Degradation,Fermentation to Acetate,P461-PWY
Degradation/Utilization/Assimilation,Secondary Metabolite Degradation,Sugar Alcohol Degradation,P461-PWY
Generation of Precursor Metabolites and Energy,Fermentation,Pyruvate Fermentation to Ethanol,P461-PWY
Generation of Precursor Metabolites and Energy,Fermentation,Pyruvate Fermentation to Ethanol,P461-PWY
Generation of Precursor Metabolites and Energy,Fermentation,Fermentation to Acetate,P461-PWY
Generation of Precursor Metabolites and Energy,Fermentation,Fermentation to Lactate,P461-PWY
Superpathways,P461-PWY,Superpathways,P461-PWY
Degradation/Utilization/Assimilation,Secondary Metabolite Degradation,Sugar Alcohol Degradation,P562-PWY
Degradation/Utilization/Assimilation,Degradation/Utilization/Assimilation - Other,Degradation/Utilization/Assimilation - Other,P621-PWY
Biosynthesis,"Cofactor, Carrier, and Vitamin Biosynthesis",Phosphopantothenate Biosynthesis,PANTO-PWY
Biosynthesis,"Cofactor, Carrier, and Vitamin Biosynthesis",Coenzyme A Biosynthesis,PANTOSYN-PWY
Biosynthesis,"Cofactor, Carrier, and Vitamin Biosynthesis",Vitamin Biosynthesis,PANTOSYN-PWY
Superpathways,PANTOSYN-PWY,Superpathways,PANTOSYN-PWY
Generation of Precursor Metabolites and Energy,Pentose Phosphate Pathways,Pentose Phosphate Pathways,PENTOSE-P-PWY
Superpathways,PENTOSE-P-PWY,Superpathways,PENTOSE-P-PWY
Biosynthesis,Cell Structure Biosynthesis,Peptidoglycan Biosynthesis,PEPTIDOGLYCANSYN-PWY
Superpathways,PEPTIDOGLYCANSYN-PWY,Superpathways,PEPTIDOGLYCANSYN-PWY
Biosynthesis,Fatty Acid and Lipid Biosynthesis,Phospholipid Biosynthesis,PHOSLIPSYN-PWY
Superpathways,PHOSLIPSYN-PWY,Superpathways,PHOSLIPSYN-PWY
Biosynthesis,Amine and Polyamine Biosynthesis,Amine and Polyamine Biosynthesis,POLYAMINSYN3-PWY
Superpathways,POLYAMINSYN3-PWY,Superpathways,POLYAMINSYN3-PWY
Biosynthesis,Amine and Polyamine Biosynthesis,Amine and Polyamine Biosynthesis,POLYAMSYN-PWY
Superpathways,POLYAMSYN-PWY,Superpathways,POLYAMSYN-PWY
Biosynthesis,Polyprenyl Biosynthesis,All-trans Polyprenyl Biosynthesis,POLYISOPRENSYN-PWY
Superpathways,POLYISOPRENSYN-PWY,Superpathways,POLYISOPRENSYN-PWY
Biosynthesis,Metabolic Regulator Biosynthesis,Metabolic Regulator Biosynthesis,PPGPPMET-PWY
Degradation/Utilization/Assimilation,Aromatic Compound Degradation,Protocatechuate Degradation,PROTOCATECHUATE-ORTHO-CLEAVAGE-PWY
Superpathways,PRPP-PWY,Superpathways,PRPP-PWY
Biosynthesis,Carbohydrate Biosynthesis,CMP-3-deoxy-D-manno-octulosonate Biosynthesis,PWY-1269
Degradation/Utilization/Assimilation,Aromatic Compound Degradation,Benzoyl-CoA Degradation,PWY-1361
Degradation/Utilization/Assimilation,Aromatic Compound Degradation,Mandelate Degradation,PWY-1501
Degradation/Utilization/Assimilation,Inorganic Nutrient Metabolism,Taurine Degradation,PWY-1541
Degradation/Utilization/Assimilation,Inorganic Nutrient Metabolism,Taurine Degradation,PWY-1541
Superpathways,PWY-1541,Superpathways,PWY-1541
Degradation/Utilization/Assimilation,C1 Compound Utilization and Assimilation,Formaldehyde Assimilation,PWY-1622
Biosynthesis,Amino Acid Biosynthesis,L-serine Biosynthesis,PWY-181
Generation of Precursor Metabolites and Energy,Photosynthesis,Photosynthesis,PWY-181
Degradation/Utilization/Assimilation,C1 Compound Utilization and Assimilation,Formaldehyde Assimilation,PWY-1861
Degradation/Utilization/Assimilation,C1 Compound Utilization and Assimilation,C1 Compound Utilization and Assimilation,PWY-1882
Superpathways,PWY-1882,Superpathways,PWY-1882
Degradation/Utilization/Assimilation,Carbohydrate Degradation,Entner-Doudoroff Pathways,PWY-2221
Generation of Precursor Metabolites and Energy,Entner-Doudoroff Pathways,Entner-Doudoroff Pathways,PWY-2221
Biosynthesis,Amino Acid Biosynthesis,L-lysine Biosynthesis,PWY-2941
Biosynthesis,Amino Acid Biosynthesis,L-lysine Biosynthesis,PWY-2942
Biosynthesis,Amino Acid Biosynthesis,L-isoleucine Biosynthesis,PWY-3001
Superpathways,PWY-3001,Superpathways,PWY-3001
Degradation/Utilization/Assimilation,Amine and Polyamine Degradation,Glycine Betaine Degradation,PWY-3661
Generation of Precursor Metabolites and Energy,Electron Transfer Chains,Electron Transfer Chains,PWY-3781
Generation of Precursor Metabolites and Energy,Respiration,fermentation,PWY-3781
Degradation/Utilization/Assimilation,Carbohydrate Degradation,Sucrose Degradation,PWY-3801
Biosynthesis,Amino Acid Biosynthesis,beta Alanine Biosynthesis,PWY-3941
Biosynthesis,Amino Acid Biosynthesis,S-methyl-5-thio-alpha-D-ribose 1-phosphate Degradation,PWY-4361
Degradation/Utilization/Assimilation,Nucleoside and Nucleotide Degradation,S-methyl-5-thio-alpha-D-ribose 1-phosphate Degradation,PWY-4361
Degradation/Utilization/Assimilation,Amine and Polyamine Degradation,Creatinine Degradation,PWY-4722
Degradation/Utilization/Assimilation,Inorganic Nutrient Metabolism,Nitrogen Compound Metabolism,PWY-4984
Biosynthesis,"Cofactor, Carrier, and Vitamin Biosynthesis",Biotin Biosynthesis,PWY-5005
Superpathways,PWY-5005,Superpathways,PWY-5005
Degradation/Utilization/Assimilation,Amine and Polyamine Degradation,4-Aminobutanoate Degradation,PWY-5022
Generation of Precursor Metabolites and Energy,Fermentation,putrescine degradation,PWY-5022
Degradation/Utilization/Assimilation,Amino Acid Degradation,L-histidine Degradation,PWY-5028
Degradation/Utilization/Assimilation,Amino Acid Degradation,L-glutamate Degradation,PWY-5088
Generation of Precursor Metabolites and Energy,Fermentation,Fermentation to Propanoate,PWY-5088
Superpathways,PWY-5088,Superpathways,PWY-5088
Biosynthesis,Amino Acid Biosynthesis,L-lysine Biosynthesis,PWY-5097
Degradation/Utilization/Assimilation,Carboxylate Degradation,Pyruvate Fermentation to Acetate,PWY-5100
Generation of Precursor Metabolites and Energy,Fermentation,Pyruvate Fermentation to Acetate,PWY-5100
Generation of Precursor Metabolites and Energy,Fermentation,pyruvate fermentation to lactate,PWY-5100
Generation of Precursor Metabolites and Energy,Fermentation,Pyruvate Fermentation to Acetate,PWY-5100
Generation of Precursor Metabolites and Energy,Fermentation,pyruvate fermentation to lactate,PWY-5100
Superpathways,PWY-5100,Superpathways,PWY-5100
Biosynthesis,Amino Acid Biosynthesis,L-isoleucine Biosynthesis,PWY-5101
Biosynthesis,Amino Acid Biosynthesis,L-isoleucine Biosynthesis,PWY-5103
Biosynthesis,Amino Acid Biosynthesis,L-isoleucine Biosynthesis,PWY-5104
Biosynthesis,Polyprenyl Biosynthesis,Geranylgeranyl Diphosphate Biosynthesis,PWY-5121
Biosynthesis,Secondary Metabolite Biosynthesis,Diterpenoid Biosynthesis,PWY-5121
Superpathways,PWY-5121,Superpathways,PWY-5121
Biosynthesis,Amino Acid Biosynthesis,L-arginine Biosynthesis,PWY-5154
Degradation/Utilization/Assimilation,Carboxylate Degradation,Carboxylate Degradation,PWY-5177
Degradation/Utilization/Assimilation,Aromatic Compound Degradation,Toluene Degradation,PWY-5178
Superpathways,PWY-5178,Superpathways,PWY-5178
Degradation/Utilization/Assimilation,Aromatic Compound Degradation,Toluene Degradation,PWY-5180
Superpathways,PWY-5180,Superpathways,PWY-5180
Degradation/Utilization/Assimilation,Aromatic Compound Degradation,Toluene Degradation,PWY-5181
Superpathways,PWY-5181,Superpathways,PWY-5181
Degradation/Utilization/Assimilation,Aromatic Compound Degradation,Toluene Degradation,PWY-5183
Superpathways,PWY-5183,Superpathways,PWY-5183
Biosynthesis,Tetrapyrrole Biosynthesis,Tetrapyrrole Biosynthesis,PWY-5188
Biosynthesis,Tetrapyrrole Biosynthesis,Tetrapyrrole Biosynthesis,PWY-5189
Biosynthesis,"Cofactor, Carrier, and Vitamin Biosynthesis",Factor 420 Biosynthesis,PWY-5198
Biosynthesis,Cell Structure Biosynthesis,Peptidoglycan Biosynthesis,PWY-5265
Superpathways,PWY-5265,Superpathways,PWY-5265
Degradation/Utilization/Assimilation,Inorganic Nutrient Metabolism,Sulfur Oxidation,PWY-5304
Superpathways,PWY-5304,Superpathways,PWY-5304
Biosynthesis,Amino Acid Biosynthesis,L-methionine De Novo Biosynthesis,PWY-5345
Superpathways,PWY-5345,Superpathways,PWY-5345
Biosynthesis,Amino Acid Biosynthesis,L-methionine De Novo Biosynthesis,PWY-5347
Superpathways,PWY-5347,Superpathways,PWY-5347
Degradation/Utilization/Assimilation,Carbohydrate Degradation,Sucrose Degradation,PWY-5384
Degradation/Utilization/Assimilation,C1 Compound Utilization and Assimilation,Reductive TCA Cycles,PWY-5392
Degradation/Utilization/Assimilation,Aromatic Compound Degradation,Catechol Degradation,PWY-5415
Superpathways,PWY-5415,Superpathways,PWY-5415
Degradation/Utilization/Assimilation,Aromatic Compound Degradation,Catechol Degradation,PWY-5417
Superpathways,PWY-5417,Superpathways,PWY-5417
Degradation/Utilization/Assimilation,Aromatic Compound Degradation,Catechol Degradation,PWY-5419
Degradation/Utilization/Assimilation,Aromatic Compound Degradation,Catechol Degradation,PWY-5420
Superpathways,PWY-5420,Superpathways,PWY-5420
Degradation/Utilization/Assimilation,Aromatic Compound Degradation,Benzoate Degradation,PWY-5430
Superpathways,PWY-5430,Superpathways,PWY-5430
Degradation/Utilization/Assimilation,Aromatic Compound Degradation,Catechol Degradation,PWY-5431
Superpathways,PWY-5431,Superpathways,PWY-5431
Generation of Precursor Metabolites and Energy,Glycolysis,Glycolysis,PWY-5484
Biosynthesis,Amino Acid Biosynthesis,L-glutamate Biosynthesis,PWY-5505
Biosynthesis,Amino Acid Biosynthesis,Metabolic Clusters,PWY-5505
Superpathways,PWY-5505,Superpathways,PWY-5505
Biosynthesis,"Cofactor, Carrier, and Vitamin Biosynthesis",Adenosylcobalamin de novo Biosynthesis,PWY-5507
Superpathways,PWY-5507,Superpathways,PWY-5507
Biosynthesis,"Cofactor, Carrier, and Vitamin Biosynthesis",Adenosylcobamide Biosynthesis,PWY-5509
Biosynthesis,Tetrapyrrole Biosynthesis,Chlorophyll a Biosynthesis,PWY-5529
Superpathways,PWY-5529,Superpathways,PWY-5529
Biosynthesis,Tetrapyrrole Biosynthesis,Chlorophyllide a Biosynthesis,PWY-5531
Degradation/Utilization/Assimilation,Aromatic Compound Degradation,2-Nitrobenzoate Degradation,PWY-5647
Superpathways,PWY-5647,Superpathways,PWY-5647
Degradation/Utilization/Assimilation,Amino Acid Degradation,L-tryptophan Degradation,PWY-5651
Degradation/Utilization/Assimilation,Carboxylate Degradation,Carboxylate Degradation,PWY-5654
Degradation/Utilization/Assimilation,Amino Acid Degradation,L-tryptophan Degradation,PWY-5655
Superpathways,PWY-5655,Superpathways,PWY-5655
Biosynthesis,Metabolic Regulator Biosynthesis,Mannosylglycerate Biosynthesis,PWY-5656
Biosynthesis,Carbohydrate Biosynthesis,GDP-sugar Biosynthesis,PWY-5659
Biosynthesis,Fatty Acid and Lipid Biosynthesis,CDP-diacylglycerol Biosynthesis,PWY-5667
Generation of Precursor Metabolites and Energy,Fermentation,Fermentation to Butanoate,PWY-5676
Superpathways,PWY-5676,Superpathways,PWY-5676
Generation of Precursor Metabolites and Energy,Fermentation,Fermentation to Butanoate,PWY-5677
Biosynthesis,Nucleoside and Nucleotide Biosynthesis,UMP Biosynthesis,PWY-5686
Degradation/Utilization/Assimilation,Nucleoside and Nucleotide Degradation,Purine Nucleotide Degradation,PWY-5695
Degradation/Utilization/Assimilation,Amine and Polyamine Degradation,Allantoin Degradation,PWY-5705
Superpathways,PWY-5705,Superpathways,PWY-5705
Generation of Precursor Metabolites and Energy,PWY-5741,Generation of Precursor Metabolites and Energy,PWY-5741
Degradation/Utilization/Assimilation,C1 Compound Utilization and Assimilation,Autotrophic CO2 Fixation,PWY-5743
Degradation/Utilization/Assimilation,C1 Compound Utilization and Assimilation,Autotrophic CO2 Fixation,PWY-5744
Degradation/Utilization/Assimilation,Degradation/Utilization/Assimilation - Other,Degradation/Utilization/Assimilation - Other,PWY-5744
Degradation/Utilization/Assimilation,Carboxylate Degradation,2-Methylcitrate Cycle,PWY-5747
Biosynthesis,"Cofactor, Carrier, and Vitamin Biosynthesis","1,4-Dihydroxy-2-Naphthoate Biosynthesis",PWY-5837
Biosynthesis,"Cofactor, Carrier, and Vitamin Biosynthesis",Menaquinol Biosynthesis,PWY-5838
Superpathways,PWY-5838,Superpathways,PWY-5838
Biosynthesis,"Cofactor, Carrier, and Vitamin Biosynthesis",Menaquinol Biosynthesis,PWY-5840
Superpathways,PWY-5840,Superpathways,PWY-5840
Biosynthesis,"Cofactor, Carrier, and Vitamin Biosynthesis",Menaquinol Biosynthesis,PWY-5845
Superpathways,PWY-5845,Superpathways,PWY-5845
Biosynthesis,"Cofactor, Carrier, and Vitamin Biosynthesis",Menaquinol Biosynthesis,PWY-5850
Superpathways,PWY-5850,Superpathways,PWY-5850
Biosynthesis,"Cofactor, Carrier, and Vitamin Biosynthesis",Polyprenyl Biosynthesis,PWY-5855
Biosynthesis,"Cofactor, Carrier, and Vitamin Biosynthesis",Polyprenyl Biosynthesis,PWY-5856
Biosynthesis,"Cofactor, Carrier, and Vitamin Biosynthesis",Polyprenyl Biosynthesis,PWY-5857
Biosynthesis,"Cofactor, Carrier, and Vitamin Biosynthesis",Demethylmenaquinol-6 Biosynthesis,PWY-5860
Superpathways,PWY-5860,Superpathways,PWY-5860
Biosynthesis,"Cofactor, Carrier, and Vitamin Biosynthesis",Demethylmenaquinol-8 Biosynthesis,PWY-5861
Superpathways,PWY-5861,Superpathways,PWY-5861
Biosynthesis,"Cofactor, Carrier, and Vitamin Biosynthesis",Demethylmenaquinol Biosynthesis,PWY-5862
Superpathways,PWY-5862,Superpathways,PWY-5862
Biosynthesis,"Cofactor, Carrier, and Vitamin Biosynthesis",Phylloquinol Biosynthesis,PWY-5863
Superpathways,PWY-5863,Superpathways,PWY-5863
Biosynthesis,"Cofactor, Carrier, and Vitamin Biosynthesis",Menaquinol Biosynthesis,PWY-5896
Superpathways,PWY-5896,Superpathways,PWY-5896
Biosynthesis,"Cofactor, Carrier, and Vitamin Biosynthesis",Menaquinol Biosynthesis,PWY-5897
Superpathways,PWY-5897,Superpathways,PWY-5897
Biosynthesis,"Cofactor, Carrier, and Vitamin Biosynthesis",Menaquinol Biosynthesis,PWY-5898
Superpathways,PWY-5898,Superpathways,PWY-5898
Biosynthesis,"Cofactor, Carrier, and Vitamin Biosynthesis",Menaquinol Biosynthesis,PWY-5899
Superpathways,PWY-5899,Superpathways,PWY-5899
Biosynthesis,Polyprenyl Biosynthesis,Geranylgeranyl Diphosphate Biosynthesis,PWY-5910
Biosynthesis,Secondary Metabolite Biosynthesis,Diterpenoid Biosynthesis,PWY-5910
Superpathways,PWY-5910,Superpathways,PWY-5910
Generation of Precursor Metabolites and Energy,TCA cycle,TCA cycle,PWY-5913
Biosynthesis,"Cofactor, Carrier, and Vitamin Biosynthesis",Heme b Biosynthesis,PWY-5918
Biosynthesis,Tetrapyrrole Biosynthesis,Heme b Biosynthesis,PWY-5918
Superpathways,PWY-5918,Superpathways,PWY-5918
Biosynthesis,"Cofactor, Carrier, and Vitamin Biosynthesis",Heme b Biosynthesis,PWY-5920
Biosynthesis,Tetrapyrrole Biosynthesis,Heme b Biosynthesis,PWY-5920
Superpathways,PWY-5920,Superpathways,PWY-5920
Degradation/Utilization/Assimilation,Carbohydrate Degradation,Glycan Degradation,PWY-5941
Degradation/Utilization/Assimilation,Carbohydrate Degradation,Glycogen Degradation,PWY-5941
Degradation/Utilization/Assimilation,Polymeric Compound Degradation,Glycan Degradation,PWY-5941
Degradation/Utilization/Assimilation,Polymeric Compound Degradation,Glycogen Degradation,PWY-5941
Glycan Pathways,Glycan Degradation,Glycan Degradation,PWY-5941
Biosynthesis,Fatty Acid and Lipid Biosynthesis,Palmitate Biosynthesis,PWY-5971
Biosynthesis,Fatty Acid and Lipid Biosynthesis,Unsaturated Fatty Acid Biosynthesis,PWY-5973
Biosynthesis,Fatty Acid and Lipid Biosynthesis,Stearate Biosynthesis,PWY-5989
Degradation/Utilization/Assimilation,Amine and Polyamine Degradation,Amine and Polyamine Degradation,PWY-6071
Degradation/Utilization/Assimilation,Aromatic Compound Degradation,Phenolic Compound Degradation,PWY-6071
Superpathways,PWY-6071,Superpathways,PWY-6071
Degradation/Utilization/Assimilation,Aromatic Compound Degradation,Chloroaromatic Compound Degradation,PWY-6107
Degradation/Utilization/Assimilation,Chlorinated Compound Degradation,Chloroaromatic Compound Degradation,PWY-6107
Biosynthesis,Nucleoside and Nucleotide Biosynthesis,5-Aminoimidazole Ribonucleotide Biosynthesis,PWY-6121
Biosynthesis,Nucleoside and Nucleotide Biosynthesis,5-Aminoimidazole Ribonucleotide Biosynthesis,PWY-6122
Biosynthesis,Nucleoside and Nucleotide Biosynthesis,Inosine-5'-phosphate Biosynthesis,PWY-6123
Biosynthesis,Nucleoside and Nucleotide Biosynthesis,Purine Nucleotide De Novo Biosynthesis,PWY-6125
Superpathways,PWY-6125,Superpathways,PWY-6125
Biosynthesis,Nucleoside and Nucleotide Biosynthesis,Purine Nucleotide De Novo Biosynthesis,PWY-6126
Superpathways,PWY-6126,Superpathways,PWY-6126
Biosynthesis,"Cofactor, Carrier, and Vitamin Biosynthesis",6-Hydroxymethyl-Dihydropterin Diphosphate Biosynthesis,PWY-6147
Biosynthesis,"Cofactor, Carrier, and Vitamin Biosynthesis",6-Hydroxymethyl-Dihydropterin Diphosphate Biosynthesis,PWY-6147
Biosynthesis,"Cofactor, Carrier, and Vitamin Biosynthesis",S-adenosyl-L-methionine Biosynthesis,PWY-6151
Biosynthesis,Aromatic Compound Biosynthesis,Chorismate Biosynthesis,PWY-6163
Biosynthesis,Aromatic Compound Biosynthesis,Chorismate Biosynthesis,PWY-6165
Superpathways,PWY-6165,Superpathways,PWY-6165
Biosynthesis,Secondary Metabolite Biosynthesis,Mevalonate Pathways,PWY-6174
Degradation/Utilization/Assimilation,Aromatic Compound Degradation,Aromatic Compound Degradation,PWY-6182
Superpathways,PWY-6182,Superpathways,PWY-6182
Degradation/Utilization/Assimilation,Aromatic Compound Degradation,Aromatic Compound Degradation,PWY-6185
Degradation/Utilization/Assimilation,Carbohydrate Degradation,Sucrose Degradation,PWY-621
Degradation/Utilization/Assimilation,Aromatic Compound Degradation,Aromatic Compound Degradation,PWY-6210
Biosynthesis,Carbohydrate Biosynthesis,Glycogen and Starch Biosynthesis,PWY-622
Biosynthesis,Carbohydrate Biosynthesis,Glycogen and Starch Biosynthesis,PWY-622
Glycan Pathways,Glycan Biosynthesis,Glycogen and Starch Biosynthesis,PWY-622
Biosynthesis,"Cofactor, Carrier, and Vitamin Biosynthesis",Menaquinol Biosynthesis,PWY-6263
Superpathways,PWY-6263,Superpathways,PWY-6263
Biosynthesis,"Cofactor, Carrier, and Vitamin Biosynthesis",Adenosylcobalamin Salvage from Cobinamide,PWY-6269
Superpathways,PWY-6269,Superpathways,PWY-6269
Biosynthesis,Nucleoside and Nucleotide Biosynthesis,5-Aminoimidazole Ribonucleotide Biosynthesis,PWY-6277
Superpathways,PWY-6277,Superpathways,PWY-6277
Biosynthesis,Fatty Acid and Lipid Biosynthesis,Palmitoleate Biosynthesis,PWY-6282
Degradation/Utilization/Assimilation,Carbohydrate Degradation,Galactose Degradation,PWY-6317
Degradation/Utilization/Assimilation,Aromatic Compound Degradation,Vanillin Degradation,PWY-6338
Superpathways,PWY-6338,Superpathways,PWY-6338
Degradation/Utilization/Assimilation,Aromatic Compound Degradation,Aromatic Compound Degradation,PWY-6339
Superpathways,PWY-6339,Superpathways,PWY-6339
Degradation/Utilization/Assimilation,Nucleoside and Nucleotide Degradation,Purine Nucleotide Degradation,PWY-6353
Superpathways,PWY-6353,Superpathways,PWY-6353
Biosynthesis,"Cofactor, Carrier, and Vitamin Biosynthesis",Lipid Anchor Biosynthesis,PWY-6383
Biosynthesis,Polyprenyl Biosynthesis,Polyprenyl Biosynthesis,PWY-6383
Biosynthesis,Cell Structure Biosynthesis,Peptidoglycan Biosynthesis,PWY-6385
Superpathways,PWY-6385,Superpathways,PWY-6385
Biosynthesis,Cell Structure Biosynthesis,UDP-N-Acetylmuramoyl-Pentapeptide Biosynthesis,PWY-6386
Biosynthesis,Cell Structure Biosynthesis,UDP-N-Acetylmuramoyl-Pentapeptide Biosynthesis,PWY-6387
Biosynthesis,Other Biosynthesis,Butanediol Biosynthesis,PWY-6396
Superpathways,PWY-6396,Superpathways,PWY-6396
Biosynthesis,Cell Structure Biosynthesis,Cell Wall Biosynthesis,PWY-6397
Glycan Pathways,PWY-6397,Glycan Pathways,PWY-6397
Biosynthesis,Carbohydrate Biosynthesis,Glycan Biosynthesis,PWY-6404
Biosynthesis,Cell Structure Biosynthesis,Cell Wall Biosynthesis,PWY-6404
Glycan Pathways,Glycan Biosynthesis,Glycan Biosynthesis,PWY-6404
Superpathways,PWY-6404,Superpathways,PWY-6404
Biosynthesis,Cell Structure Biosynthesis,Kdo Transfer to Lipid IVA,PWY-6467
Superpathways,PWY-6467,Superpathways,PWY-6467
Biosynthesis,Cell Structure Biosynthesis,Peptidoglycan Biosynthesis,PWY-6470
Detoxification,Antibiotic Resistance,Antibiotic Resistance,PWY-6470
Superpathways,PWY-6470,Superpathways,PWY-6470
Biosynthesis,Cell Structure Biosynthesis,Peptidoglycan Biosynthesis,PWY-6471
Detoxification,Antibiotic Resistance,Antibiotic Resistance,PWY-6471
Superpathways,PWY-6471,Superpathways,PWY-6471
Biosynthesis,Carbohydrate Biosynthesis,GDP-sugar Biosynthesis,PWY-6478
Degradation/Utilization/Assimilation,Carboxylate Degradation,D-Galacturonate Degradation,PWY-6486
Degradation/Utilization/Assimilation,Secondary Metabolite Degradation,D-Galacturonate Degradation,PWY-6486
Degradation/Utilization/Assimilation,Amino Acid Degradation,L-tryptophan Degradation,PWY-6505
Superpathways,PWY-6505,Superpathways,PWY-6505
Degradation/Utilization/Assimilation,Secondary Metabolite Degradation,Sugar Derivative Degradation,PWY-6507
Biosynthesis,Other Biosynthesis,8-Amino-7-oxononanoate Biosynthesis,PWY-6519
Biosynthesis,Nucleoside and Nucleotide Biosynthesis,Pyrimidine Deoxyribonucleotide De Novo Biosynthesis,PWY-6545
Biosynthesis,Nucleoside and Nucleotide Biosynthesis,Metabolic Clusters,PWY-6545
Biosynthesis,Amine and Polyamine Biosynthesis,Amine and Polyamine Biosynthesis,PWY-6562
Biosynthesis,Amine and Polyamine Biosynthesis,Amine and Polyamine Biosynthesis,PWY-6565
Superpathways,PWY-6565,Superpathways,PWY-6565
Degradation/Utilization/Assimilation,Carbohydrate Degradation,Glycosaminoglycan Degradation,PWY-6572
Degradation/Utilization/Assimilation,Polymeric Compound Degradation,Glycosaminoglycan Degradation,PWY-6572
Generation of Precursor Metabolites and Energy,Fermentation,Fermentation of Pyruvate,PWY-6588
Generation of Precursor Metabolites and Energy,Fermentation,Fermentation of Pyruvate,PWY-6590
Superpathways,PWY-6590,Superpathways,PWY-6590
Degradation/Utilization/Assimilation,Nucleoside and Nucleotide Degradation,Guanosine Nucleotide Degradation,PWY-6608
Biosynthesis,Nucleoside and Nucleotide Biosynthesis,Adenine and Adenosine Salvage,PWY-6609
Biosynthesis,"Cofactor, Carrier, and Vitamin Biosynthesis",Folate Biosynthesis,PWY-6612
Biosynthesis,"Cofactor, Carrier, and Vitamin Biosynthesis",Folate Biosynthesis,PWY-6612
Superpathways,PWY-6612,Superpathways,PWY-6612
Biosynthesis,Amino Acid Biosynthesis,L-phenylalanine Biosynthesis,PWY-6628
Superpathways,PWY-6628,Superpathways,PWY-6628
Biosynthesis,Amino Acid Biosynthesis,L-tryptophan Biosynthesis,PWY-6629
Superpathways,PWY-6629,Superpathways,PWY-6629
Biosynthesis,Amino Acid Biosynthesis,L-tyrosine Biosynthesis,PWY-6630
Superpathways,PWY-6630,Superpathways,PWY-6630
Degradation/Utilization/Assimilation,Inorganic Nutrient Metabolism,Sulfolactate Degradation,PWY-6641
Superpathways,PWY-6641,Superpathways,PWY-6641
Degradation/Utilization/Assimilation,Aromatic Compound Degradation,Phenylpropanoid Derivative Biosynthesis,PWY-6690
Macromolecule Modification,Nucleic Acid Processing,Queuosine Biosynthesis and Salvage,PWY-6700
Biosynthesis,Secondary Metabolite Biosynthesis,Secondary Metabolite Biosynthesis,PWY-6703
Biosynthesis,"Cofactor, Carrier, and Vitamin Biosynthesis",Polyprenyl Biosynthesis,PWY-6708
Degradation/Utilization/Assimilation,Carbohydrate Degradation,L-rhamnose Degradation,PWY-6713
Generation of Precursor Metabolites and Energy,PWY-6728,Generation of Precursor Metabolites and Energy,PWY-6728
Degradation/Utilization/Assimilation,Carbohydrate Degradation,Starch Degradation,PWY-6731
Degradation/Utilization/Assimilation,Polymeric Compound Degradation,Starch Degradation,PWY-6731
Degradation/Utilization/Assimilation,Carbohydrate Degradation,Starch Degradation,PWY-6737
Degradation/Utilization/Assimilation,Polymeric Compound Degradation,Starch Degradation,PWY-6737
Biosynthesis,Carbohydrate Biosynthesis,CMP-legionaminate biosynthesis,PWY-6749
Generation of Precursor Metabolites and Energy,PWY-6876,Generation of Precursor Metabolites and Energy,PWY-6876
Biosynthesis,"Cofactor, Carrier, and Vitamin Biosynthesis",Thiazole Biosynthesis,PWY-6891
Biosynthesis,"Cofactor, Carrier, and Vitamin Biosynthesis",Thiazole Biosynthesis,PWY-6891
Biosynthesis,"Cofactor, Carrier, and Vitamin Biosynthesis",Thiazole Biosynthesis,PWY-6892
Biosynthesis,"Cofactor, Carrier, and Vitamin Biosynthesis",Thiazole Biosynthesis,PWY-6892
Biosynthesis,"Cofactor, Carrier, and Vitamin Biosynthesis",Thiamine Biosynthesis,PWY-6895
Biosynthesis,"Cofactor, Carrier, and Vitamin Biosynthesis",Thiamine Biosynthesis,PWY-6895
Superpathways,PWY-6895,Superpathways,PWY-6895
Biosynthesis,"Cofactor, Carrier, and Vitamin Biosynthesis",thiamine Diphosphate Salvage,PWY-6897
Biosynthesis,"Cofactor, Carrier, and Vitamin Biosynthesis",thiamine Diphosphate Salvage,PWY-6897
Superpathways,PWY-6897,Superpathways,PWY-6897
Degradation/Utilization/Assimilation,Carbohydrate Degradation,Sugar Degradation,PWY-6901
Superpathways,PWY-6901,Superpathways,PWY-6901
Degradation/Utilization/Assimilation,Carbohydrate Degradation,Chitin Degradation,PWY-6906
Degradation/Utilization/Assimilation,Polymeric Compound Degradation,Chitin Degradation,PWY-6906
Biosynthesis,Secondary Metabolite Biosynthesis,Antibiotic Biosynthesis,PWY-6915
Biosynthesis,Secondary Metabolite Biosynthesis,Antibiotic Biosynthesis,PWY-6919
Biosynthesis,Carbohydrate Biosynthesis,dTDP-sugar Biosynthesis,PWY-6942
Degradation/Utilization/Assimilation,Fatty Acid and Lipid Degradation,Androstenedione Degradation,PWY-6944
Degradation/Utilization/Assimilation,Fatty Acid and Lipid Degradation,Steroid Degradation,PWY-6948
Degradation/Utilization/Assimilation,Aromatic Compound Degradation,Mandelate Degradation,PWY-6957
Superpathways,PWY-6957,Superpathways,PWY-6957
Degradation/Utilization/Assimilation,C1 Compound Utilization and Assimilation,Reductive TCA Cycles,PWY-6969
Generation of Precursor Metabolites and Energy,TCA cycle,TCA cycle,PWY-6969
Biosynthesis,Secondary Metabolite Biosynthesis,Macrolide Antibiotic Biosynthesis,PWY-6975
Superpathways,PWY-6975,Superpathways,PWY-6975
Biosynthesis,Secondary Metabolite Biosynthesis,Macrolide Antibiotic Biosynthesis,PWY-6977
Superpathways,PWY-6977,Superpathways,PWY-6977
Degradation/Utilization/Assimilation,Carbohydrate Degradation,Sugar Degradation,PWY-6992
Generation of Precursor Metabolites and Energy,Fermentation,Fermentation to Alcohols,PWY-7003
Superpathways,PWY-7003,Superpathways,PWY-7003
Generation of Precursor Metabolites and Energy,PWY-7007,Generation of Precursor Metabolites and Energy,PWY-7007
Degradation/Utilization/Assimilation,Alcohol Degradation,Alcohol Degradation,PWY-7013
Generation of Precursor Metabolites and Energy,Fermentation,Fermentation to Propanoate,PWY-7013
Degradation/Utilization/Assimilation,C1 Compound Utilization and Assimilation,Autotrophic CO2 Fixation,PWY-7024
Superpathways,PWY-7024,Superpathways,PWY-7024
Degradation/Utilization/Assimilation,Aromatic Compound Degradation,Phenylpropanoid Derivative Degradation,PWY-7046
Degradation/Utilization/Assimilation,Secondary Metabolite Degradation,Phenylpropanoid Derivative Degradation,PWY-7046
Degradation/Utilization/Assimilation,Inorganic Nutrient Metabolism,Ammonia Oxidation,PWY-7084
Degradation/Utilization/Assimilation,Inorganic Nutrient Metabolism,Denitrification,PWY-7084
Generation of Precursor Metabolites and Energy,Respiration,Anaerobic Respiration,PWY-7084
Superpathways,PWY-7084,Superpathways,PWY-7084
Biosynthesis,Carbohydrate Biosynthesis,UDP-sugar Biosynthesis,PWY-7090
Biosynthesis,Fatty Acid and Lipid Biosynthesis,Fatty Acid Biosynthesis,PWY-7094
Degradation/Utilization/Assimilation,Aromatic Compound Degradation,Vanillin Degradation,PWY-7097
Degradation/Utilization/Assimilation,Aromatic Compound Degradation,Vanillin Degradation,PWY-7098
Biosynthesis,Secondary Metabolite Biosynthesis,Macrolide Antibiotic Biosynthesis,PWY-7106
Biosynthesis,Secondary Metabolite Biosynthesis,Macrolide Antibiotic Biosynthesis,PWY-7110
Superpathways,PWY-7110,Superpathways,PWY-7110
Generation of Precursor Metabolites and Energy,Fermentation,Fermentation of Pyruvate,PWY-7111
Generation of Precursor Metabolites and Energy,Fermentation,Fermentation to Alcohols,PWY-7111
Biosynthesis,Tetrapyrrole Biosynthesis,Chlorophyllide a Biosynthesis,PWY-7159
Biosynthesis,Nucleoside and Nucleotide Biosynthesis,Pyrimidine Deoxyribonucleotide De Novo Biosynthesis,PWY-7184
Biosynthesis,Nucleoside and Nucleotide Biosynthesis,Metabolic Clusters,PWY-7184
Degradation/Utilization/Assimilation,Nucleoside and Nucleotide Degradation,UTP and CTP Dephosphorylation,PWY-7185
Biosynthesis,Nucleoside and Nucleotide Biosynthesis,Pyrimidine Deoxyribonucleotide De Novo Biosynthesis,PWY-7187
Biosynthesis,Nucleoside and Nucleotide Biosynthesis,Pyrimidine Deoxyribonucleotide De Novo Biosynthesis,PWY-7187
Biosynthesis,Nucleoside and Nucleotide Biosynthesis,Pyrimidine Nucleotide Salvage,PWY-7196
Superpathways,PWY-7196,Superpathways,PWY-7196
Biosynthesis,Nucleoside and Nucleotide Biosynthesis,Metabolic Clusters,PWY-7197
Biosynthesis,Nucleoside and Nucleotide Biosynthesis,Pyrimidine Deoxyribonucleotide De Novo Biosynthesis,PWY-7198
Biosynthesis,Nucleoside and Nucleotide Biosynthesis,Metabolic Clusters,PWY-7198
Biosynthesis,Nucleoside and Nucleotide Biosynthesis,Pyrimidine Nucleotide Salvage,PWY-7199
Biosynthesis,Nucleoside and Nucleotide Biosynthesis,Pyrimidine Nucleotide Salvage,PWY-7200
Superpathways,PWY-7200,Superpathways,PWY-7200
Biosynthesis,Nucleoside and Nucleotide Biosynthesis,Pyrimidine Nucleotide Salvage,PWY-7208
Superpathways,PWY-7208,Superpathways,PWY-7208
Biosynthesis,Nucleoside and Nucleotide Biosynthesis,Metabolic Clusters,PWY-7210
Biosynthesis,Nucleoside and Nucleotide Biosynthesis,Pyrimidine Deoxyribonucleotide De Novo Biosynthesis,PWY-7211
Biosynthesis,Nucleoside and Nucleotide Biosynthesis,Pyrimidine Deoxyribonucleotide De Novo Biosynthesis,PWY-7211
Superpathways,PWY-7211,Superpathways,PWY-7211
Biosynthesis,Nucleoside and Nucleotide Biosynthesis,Purine Riboucleotide De Novo Biosynthesis,PWY-7219
Degradation/Utilization/Assimilation,Aromatic Compound Degradation,Nicotinate Degradation,PWY-722
Biosynthesis,Nucleoside and Nucleotide Biosynthesis,Adenosine Deoxyribonucleotide De Novo Biosynthesis,PWY-7220
Biosynthesis,Nucleoside and Nucleotide Biosynthesis,Adenosine Deoxyribonucleotide De Novo Biosynthesis,PWY-7220
Biosynthesis,Nucleoside and Nucleotide Biosynthesis,Purine Riboucleotide De Novo Biosynthesis,PWY-7221
Biosynthesis,Nucleoside and Nucleotide Biosynthesis,Guanosine Deoxyribonucleotide De Novo Biosynthesis,PWY-7222
Biosynthesis,Nucleoside and Nucleotide Biosynthesis,Guanosine Deoxyribonucleotide De Novo Biosynthesis,PWY-7222
Biosynthesis,Nucleoside and Nucleotide Biosynthesis,Purine Nucleotide De Novo Biosynthesis,PWY-7228
Superpathways,PWY-7228,Superpathways,PWY-7228
Biosynthesis,Nucleoside and Nucleotide Biosynthesis,Purine Nucleotide De Novo Biosynthesis,PWY-7229
Superpathways,PWY-7229,Superpathways,PWY-7229
Biosynthesis,Nucleoside and Nucleotide Biosynthesis,Inosine-5'-phosphate Biosynthesis,PWY-7234
Degradation/Utilization/Assimilation,Secondary Metabolite Degradation,Sugar Alcohol Degradation,PWY-7237
Superpathways,PWY-7237,Superpathways,PWY-7237
Degradation/Utilization/Assimilation,Carboxylate Degradation,Sugar Acid Degradation,PWY-7242
Degradation/Utilization/Assimilation,Secondary Metabolite Degradation,Sugar Acid Degradation,PWY-7242
Generation of Precursor Metabolites and Energy,TCA cycle,TCA cycle,PWY-7254
Biosynthesis,Secondary Metabolite Biosynthesis,Ergothioneine Biosynthesis,PWY-7255
Degradation/Utilization/Assimilation,Carbohydrate Degradation,L-arabinose Degradation,PWY-7295
Biosynthesis,Carbohydrate Biosynthesis,dTDP-sugar Biosynthesis,PWY-7315
Biosynthesis,Carbohydrate Biosynthesis,dTDP-sugar Biosynthesis,PWY-7316
Biosynthesis,Carbohydrate Biosynthesis,GDP-sugar Biosynthesis,PWY-7323
Superpathways,PWY-7323,Superpathways,PWY-7323
Biosynthesis,Carbohydrate Biosynthesis,UDP-sugar Biosynthesis,PWY-7328
Superpathways,PWY-7328,Superpathways,PWY-7328
Biosynthesis,Carbohydrate Biosynthesis,UDP-sugar Biosynthesis,PWY-7332
Superpathways,PWY-7332,Superpathways,PWY-7332
Biosynthesis,Carbohydrate Biosynthesis,Sucrose Biosynthesis,PWY-7347
Biosynthesis,Secondary Metabolite Biosynthesis,Antibiotic Biosynthesis,PWY-7354
Biosynthesis,"Cofactor, Carrier, and Vitamin Biosynthesis","1,4-dihydroxy-6-naphthoate biosynthesis",PWY-7371
Biosynthesis,"Cofactor, Carrier, and Vitamin Biosynthesis",Demethylmenaquinol-6 Biosynthesis,PWY-7373
Superpathways,PWY-7373,Superpathways,PWY-7373
Biosynthesis,"Cofactor, Carrier, and Vitamin Biosynthesis","1,4-dihydroxy-6-naphthoate biosynthesis",PWY-7374
Biosynthesis,"Cofactor, Carrier, and Vitamin Biosynthesis","cob(II)yrinate a,c-diamide biosynthesis",PWY-7376
Biosynthesis,"Cofactor, Carrier, and Vitamin Biosynthesis","cob(II)yrinate a,c-diamide biosynthesis",PWY-7377
Biosynthesis,Secondary Metabolite Biosynthesis,Hemiterpene Biosynthesis,PWY-7391
Biosynthesis,Secondary Metabolite Biosynthesis,Diterpenoid Biosynthesis,PWY-7392
Superpathways,PWY-7392,Superpathways,PWY-7392
Biosynthesis,Secondary Metabolite Biosynthesis,Coumarins Biosynthesis,PWY-7398
Biosynthesis,Amino Acid Biosynthesis,L-arginine Biosynthesis,PWY-7400
Degradation/Utilization/Assimilation,Amine and Polyamine Degradation,Amine and Polyamine Degradation,PWY-7431
Degradation/Utilization/Assimilation,Secondary Metabolite Degradation,Sulfoquinovose Degradation,PWY-7446
Degradation/Utilization/Assimilation,Carbohydrate Degradation,Polysaccharide Degradation,PWY-7456
Degradation/Utilization/Assimilation,Polymeric Compound Degradation,Polysaccharide Degradation,PWY-7456
Biosynthesis,Amino Acid Biosynthesis,L-methionine Salvage,PWY-7527
Superpathways,PWY-7527,Superpathways,PWY-7527
Biosynthesis,"Cofactor, Carrier, and Vitamin Biosynthesis",6-Hydroxymethyl-Dihydropterin Diphosphate Biosynthesis,PWY-7539
Biosynthesis,"Cofactor, Carrier, and Vitamin Biosynthesis",6-Hydroxymethyl-Dihydropterin Diphosphate Biosynthesis,PWY-7539
Biosynthesis,Secondary Metabolite Biosynthesis,Methylerythritol Phosphate Pathways,PWY-7560
Degradation/Utilization/Assimilation,Alcohol Degradation,Alcohol Degradation,PWY-7616
Detoxification,PWY-7616,Detoxification,PWY-7616
Superpathways,PWY-7616,Superpathways,PWY-7616
Degradation/Utilization/Assimilation,Carbohydrate Degradation,Glycosaminoglycan Degradation,PWY-7644
Degradation/Utilization/Assimilation,Polymeric Compound Degradation,Glycosaminoglycan Degradation,PWY-7644
Biosynthesis,Fatty Acid and Lipid Biosynthesis,Unsaturated Fatty Acid Biosynthesis,PWY-7663
Biosynthesis,Fatty Acid and Lipid Biosynthesis,Oleate Biosynthesis,PWY-7664
Biosynthesis,Nucleoside and Nucleotide Biosynthesis,Purine Nucleotide De Novo Biosynthesis,PWY-841
Superpathways,PWY-841,Superpathways,PWY-841
Biosynthesis,Secondary Metabolite Biosynthesis,Mevalonate Pathways,PWY-922
Biosynthesis,Amino Acid Biosynthesis,L-alanine Biosynthesis,PWY0-1061
Superpathways,PWY0-1061,Superpathways,PWY0-1061
Biosynthesis,Carbohydrate Biosynthesis,ADP-sugar Biosynthesis,PWY0-1241
Degradation/Utilization/Assimilation,Secondary Metabolite Degradation,Anhydromuropeptide Recycling,PWY0-1261
Degradation/Utilization/Assimilation,Aromatic Compound Degradation,Aromatic Compound Degradation,PWY0-1277
Superpathways,PWY0-1277,Superpathways,PWY0-1277
Degradation/Utilization/Assimilation,Nucleoside and Nucleotide Degradation,Purine Nucleotide Degradation,PWY0-1296
Degradation/Utilization/Assimilation,Nucleoside and Nucleotide Degradation,Nucleoside and Nucleotide Degradation,PWY0-1297
Superpathways,PWY0-1297,Superpathways,PWY0-1297
Degradation/Utilization/Assimilation,Nucleoside and Nucleotide Degradation,Pyrimidine Nucleotide Degradation,PWY0-1298
Superpathways,PWY0-1298,Superpathways,PWY0-1298
Biosynthesis,Fatty Acid and Lipid Biosynthesis,CDP-diacylglycerol Biosynthesis,PWY0-1319
Biosynthesis,Cell Structure Biosynthesis,Lipopolysaccharide Biosynthesis,PWY0-1338
Detoxification,Antibiotic Resistance,Antibiotic Resistance,PWY0-1338
Biosynthesis,"Cofactor, Carrier, and Vitamin Biosynthesis",Heme b Biosynthesis,PWY0-1415
Biosynthesis,Tetrapyrrole Biosynthesis,Heme b Biosynthesis,PWY0-1415
Superpathways,PWY0-1415,Superpathways,PWY0-1415
Macromolecule Modification,Nucleic Acid Processing,Nucleic Acid Processing,PWY0-1479
Degradation/Utilization/Assimilation,Inorganic Nutrient Metabolism,Methylphosphonate Degradation,PWY0-1533
Biosynthesis,Cell Structure Biosynthesis,Peptidoglycan Biosynthesis,PWY0-1586
Biosynthesis,Nucleoside and Nucleotide Biosynthesis,Pyrimidine Ribonucleotide De Novo Biosynthesis,PWY0-162
Superpathways,PWY0-162,Superpathways,PWY0-162
Biosynthesis,Nucleoside and Nucleotide Biosynthesis,Pyrimidine Deoxyribonucleotide De Novo Biosynthesis,PWY0-166
Biosynthesis,Nucleoside and Nucleotide Biosynthesis,Pyrimidine Deoxyribonucleotide De Novo Biosynthesis,PWY0-166
Superpathways,PWY0-166,Superpathways,PWY0-166
Degradation/Utilization/Assimilation,Aromatic Compound Degradation,Phenylacetate Degradation,PWY0-321
Degradation/Utilization/Assimilation,Amine and Polyamine Degradation,Allantoin Degradation,PWY0-41
Superpathways,PWY0-41,Superpathways,PWY0-41
Degradation/Utilization/Assimilation,Carboxylate Degradation,2-Methylcitrate Cycle,PWY0-42
Superpathways,PWY0-781,Superpathways,PWY0-781
Biosynthesis,"Cofactor, Carrier, and Vitamin Biosynthesis",Vitamin B6 Biosynthesis,PWY0-845
Biosynthesis,"Cofactor, Carrier, and Vitamin Biosynthesis",Vitamin B6 Biosynthesis,PWY0-845
Superpathways,PWY0-845,Superpathways,PWY0-845
Biosynthesis,Fatty Acid and Lipid Biosynthesis,(5Z)-dodecenoate Biosynthesis,PWY0-862
Biosynthesis,"Cofactor, Carrier, and Vitamin Biosynthesis",Reductant Biosynthesis,PWY1G-0
Degradation/Utilization/Assimilation,Inorganic Nutrient Metabolism,Nitrate Reduction,PWY490-3
Biosynthesis,Fatty Acid and Lipid Biosynthesis,Phosphatidylglycerol Biosynthesis,PWY4FS-7
Superpathways,PWY4FS-7,Superpathways,PWY4FS-7
Biosynthesis,Fatty Acid and Lipid Biosynthesis,Phosphatidylglycerol Biosynthesis,PWY4FS-8
Superpathways,PWY4FS-8,Superpathways,PWY4FS-8
Biosynthesis,Fatty Acid and Lipid Biosynthesis,Fatty Acid Biosynthesis,PWYG-321
Biosynthesis,"Cofactor, Carrier, and Vitamin Biosynthesis",NAD Biosynthesis,PYRIDNUCSAL-PWY
Biosynthesis,"Cofactor, Carrier, and Vitamin Biosynthesis",NAD Biosynthesis,PYRIDNUCSAL-PWY
Biosynthesis,"Cofactor, Carrier, and Vitamin Biosynthesis",NAD Biosynthesis,PYRIDNUCSAL-PWY
Biosynthesis,"Cofactor, Carrier, and Vitamin Biosynthesis",NAD Biosynthesis,PYRIDNUCSYN-PWY
Biosynthesis,"Cofactor, Carrier, and Vitamin Biosynthesis",NAD Biosynthesis,PYRIDNUCSYN-PWY
Biosynthesis,"Cofactor, Carrier, and Vitamin Biosynthesis",NAD Biosynthesis,PYRIDNUCSYN-PWY
Biosynthesis,"Cofactor, Carrier, and Vitamin Biosynthesis",Vitamin B6 Biosynthesis,PYRIDOXSYN-PWY
Biosynthesis,"Cofactor, Carrier, and Vitamin Biosynthesis",Vitamin B6 Biosynthesis,PYRIDOXSYN-PWY
Generation of Precursor Metabolites and Energy,TCA cycle,TCA cycle,REDCITCYC
Degradation/Utilization/Assimilation,Carbohydrate Degradation,L-rhamnose Degradation,RHAMCAT-PWY
Biosynthesis,"Cofactor, Carrier, and Vitamin Biosynthesis",Flavin Biosynthesis,RIBOSYN2-PWY
Biosynthesis,"Cofactor, Carrier, and Vitamin Biosynthesis",Flavin Biosynthesis,RIBOSYN2-PWY
Biosynthesis,"Cofactor, Carrier, and Vitamin Biosynthesis",Flavin Biosynthesis,RIBOSYN2-PWY
Degradation/Utilization/Assimilation,C1 Compound Utilization and Assimilation,Formaldehyde Oxidation,RUMP-PWY
Generation of Precursor Metabolites and Energy,RUMP-PWY,Generation of Precursor Metabolites and Energy,RUMP-PWY
Degradation/Utilization/Assimilation,Nucleoside and Nucleotide Degradation,Adenosine Nucleotide Degradation,SALVADEHYPOX-PWY
Biosynthesis,Amino Acid Biosynthesis,Amino Acid Biosynthesis,SER-GLYSYN-PWY
Superpathways,SER-GLYSYN-PWY,Superpathways,SER-GLYSYN-PWY
Degradation/Utilization/Assimilation,Inorganic Nutrient Metabolism,Assimilatory Sulfate Reduction,SO4ASSIM-PWY
Superpathways,SO4ASSIM-PWY,Superpathways,SO4ASSIM-PWY
Biosynthesis,Carbohydrate Biosynthesis,Sucrose Biosynthesis,SUCSYN-PWY
Superpathways,SUCSYN-PWY,Superpathways,SUCSYN-PWY
Degradation/Utilization/Assimilation,Inorganic Nutrient Metabolism,Sulfur Compound Metabolism,SULFATE-CYS-PWY
Superpathways,SULFATE-CYS-PWY,Superpathways,SULFATE-CYS-PWY
Generation of Precursor Metabolites and Energy,TCA cycle,TCA cycle,TCA
Superpathways,TCA-GLYOX-BYPASS,Superpathways,TCA-GLYOX-BYPASS
Biosynthesis,Cell Structure Biosynthesis,Teichoic Acid Biosynthesis,TEICHOICACID-PWY
Biosynthesis,"Cofactor, Carrier, and Vitamin Biosynthesis",Thiamine Biosynthesis,THISYN-PWY
Biosynthesis,"Cofactor, Carrier, and Vitamin Biosynthesis",Thiamine Biosynthesis,THISYN-PWY
Superpathways,THISYN-PWY,Superpathways,THISYN-PWY
Degradation/Utilization/Assimilation,Amino Acid Degradation,L-threonine Degradation,THREOCAT-PWY
Superpathways,THREOCAT-PWY,Superpathways,THREOCAT-PWY
Biosynthesis,Amino Acid Biosynthesis,L-threonine Biosynthesis,THRESYN-PWY
Superpathways,THRESYN-PWY,Superpathways,THRESYN-PWY
Biosynthesis,Aminoacyl-tRNA Charging,Metabolic Clusters,TRNA-CHARGING-PWY
Biosynthesis,Amino Acid Biosynthesis,L-tryptophan Biosynthesis,TRPSYN-PWY
Degradation/Utilization/Assimilation,Amino Acid Degradation,L-tyrosine Degradation,TYRFUMCAT-PWY
Biosynthesis,"Cofactor, Carrier, and Vitamin Biosynthesis",Ubiquinol Biosynthesis,UBISYN-PWY
Superpathways,UBISYN-PWY,Superpathways,UBISYN-PWY
Biosynthesis,Carbohydrate Biosynthesis,UDP-N-acetyl-D-glucosamine Biosynthesis,UDPNAGSYN-PWY
Degradation/Utilization/Assimilation,Amino Acid Degradation,L-valine Degradation,VALDEG-PWY
Biosynthesis,Amino Acid Biosynthesis,L-valine Biosynthesis,VALSYN-PWY
